
INSERT into BANK Values('1008','New York','Bank of America'); 
INSERT into BANK Values('1004','TEXAS','PNC Bank'); 

INSERT INTO BRANCH VALUES('AA00','TEXAS','Moises Henrique',5654613219.00,'PNC BANK');
INSERT INTO BRANCH VALUES('BB53','ATLANTA','Chad Williams',855533135.00,'Bank of America');
INSERT INTO BRANCH VALUES('CB53','New York','Juan Cuesta',789426781.00,'Bank of America');

INSERT INTO EMPLOYEE VALUES(744733,'Ron',NULL,'ronwr@gmail.com','AA00');
INSERT INTO EMPLOYEE VALUES(744734,'Fredrick Wilson',NULL,'fderwil@gmail.com','BB53');

INSERT INTO CARDS VALUES( 'CREDIT',99991111898912345, 'Jack Wilson',987,10,2009, 'Y');
INSERT INTO CARDS VALUES( 'DEBIT',89891111778912332, 'Robert Estale',988,11,2009, 'Y');
INSERT INTO CARDS VALUES( 'TRAVELCURRENCY',55221111898912345, 'Bob Smith',989,09,2010, 'N');
INSERT INTO CARDS VALUES( 'EMI',33441111898912345, 'Qu Desai',990,09,2010, 'Y');
INSERT INTO CARDS VALUES( 'LOYALITY',66221111898912345, 'Mike Moshal',991,10,2011, 'Y');
INSERT INTO CARDS VALUES( 'CORPORATE',44221111898912345, 'Michalle Min',992,01,2012, 'N');
INSERT INTO CARDS VALUES( 'CREDIT',99991111898912445, 'Bill Adams',993,02,2012, 'Y');
INSERT INTO CARDS VALUES( 'DEBIT',89891111778912900, 'Sam Clark',994,03,2015, 'Y');
INSERT INTO CARDS VALUES( 'CREDIT',99991111898915345, 'Nancy Angelli',995,03,2015, 'N');
INSERT INTO CARDS VALUES( 'DEBIT',89891111778919877, 'Kiana Greg',996,04,2015, 'Y');
INSERT INTO CARDS VALUES( 'CREDIT',99991111898912348, 'Elecia Moore',997,04,2017, 'Y');
INSERT INTO CARDS VALUES( 'DEBIT',89891111778944532, 'Diana Geller',998,10,2016, 'Y');
INSERT INTO CARDS VALUES( 'CREDIT',99991111898912289, 'Thomas Wilson',879,11,2019, 'Y');
INSERT INTO CARDS VALUES( 'DEBIT',89891111778914532, 'Dan Roberts',879,12,2018, 'Y');
INSERT INTO CARDS VALUES( 'CREDIT',99991111898932876, 'Sue Smith',879,01,2018, 'Y');
INSERT INTO CARDS VALUES( 'DEBIT',89891111778917654, 'Paul Cruz',879,02,2019, 'Y');

INSERT INTO CUSTOMER VALUES(1298976543,'Jack Wilson','1997-03-01',001022786,'Student','jackw@gmail.com',9998812345,744733);
INSERT INTO CUSTOMER VALUES(5295936540,'Robert Estale','2000-01-13',001022556,'Teacher','roberte@gmail.com',7778912345,744734);
INSERT INTO CUSTOMER VALUES(3164832438,'Chuck Norris','1992-09-01',0010222381,'Actor','Cnorrisw@gmail.com',9235456886,744733);


INSERT INTO CARDS_CUSTOMER VALUES(1298976543,'DEBIT',89891111778912332,30320,NULL,NULL,200.00,NULL,NULL,NULL,NULL,NULL);
INSERT INTO CARDS_CUSTOMER VALUES(5295936540,'CREDIT',99991111898932876,30120,5000.00,15000.00,NULL,NULL,NULL,NULL,NULL,NULL);


INSERT INTO ACCOUNT VALUES(44411108916,NULL,'AA00',3000,1298976543,'SAVING','2010-03-01',NULL,NULL,NULL,NULL,NULL,NULL,NULL,NULL,NULL,NULL);
INSERT INTO ACCOUNT VALUES(44411107614,NULL,'BB53',4200,5295936540,'SAVING','2015-03-01',NULL,NULL,NULL,NULL,NULL,NULL,NULL,NULL,NULL,NULL);

insert into benefits values('98564','Personal benefit',60.00,1298976543,'2019-07-11');

INSERT INTO ALERTS VALUES ('81156','transaction alert',309.00,1298976543,'2019-07-11','R');

INSERT INTO PENALTIES VALUES ('58674',44411107614,'P',80.00,'2019-07-11');

INSERT INTO LOANS VALUES(777666110,'STUDENT',45000,1298976543);
INSERT INTO LOANS VALUES(777666111,'PERSONAL',20000,5295936540);

INSERT INTO PERSONAL_LOAN VALUES(777666111,5295936540,'2016-01-01',20000,NULL,'TCS','Robert Estale',645665);

INSERT INTO STUDENT_LOAN VALUES(777666110,1298976543,'0098A','jack3#student.com','2016-01-01',45000,NULL);


INSERT INTO TRANSACTIONS VALUES(781290082,'Digital',44411108916,'S',2000.00,'2016-01-01','Education EXPENSES');
INSERT INTO TRANSACTIONS VALUES(381292910,'Non-Digital',44411107614,'S',500.00,'2016-01-01','OTHER EXPENSES');

INSERT INTO ALERTS VALUES (80156,'transaction alert',100.00,1298976543,'2019-07-11','R');



INSERT into USES_BENEFITS Values(98564,1298976543); 

INSERT into GETS_ALERTS Values(81156,1298976543); 